production_line_id,utilization_machine
F2-L3,4.913235294117647
F1-L3,4.490098039215686
F1-L1,3.141727941176471
F1-L2,2.745383986928105
F2-L2,1.838357843137255
F2-L1,1.228390522875817
