total_objective,holding_cost,shortage_cost
2261.672427136825,2261.6724271367525,0
